fname;job;eml;domain;phn;cmp;txt;inte
Lisa Hood;Furniture conservator/restorer;nperkins@gmail.com;fields.org;(538)388-4037x163;Webb and Sons;'Manager get affect especially successful mention very. World require have maybe past their.
Doctor within high take. Low stand their describe point imagine.
Water too necessary left cause.
Majority appear which for. Million perhaps finally.
Assume movement or. Lay law everyone fight. Available these agreement suffer billion special safe.
Close move history experience likely. Keep nor our strong. Cover side pressure yeah issue east far produce.';47265
Wayne Young;Designer, multimedia;jennifershaw@gmail.com;garrett.com;178.651.3098x58284;Clark Ltd;'Hotel wall subject step. Response important treat clear then thank. Course interview such nice just near value.
Research fish parent glass no already have.
Month have believe. Quickly us various prepare professor speak.
Court bed security window it tough herself. Create hair part few area nature. Education last who cover cover middle describe easy.
Heavy president ball and successful research bad. Style smile face. Through idea another relate chair college.';33824
Elizabeth Russell;Financial adviser;ryan86@allen-davis.com;powers.info;117-393-6702x714;Bailey, Austin and Martinez;'Could couple detail north half. Seven line meeting arrive think give carry.
Agree future different drop personal relationship wind. Consider discover enough down state bar near.
Agent building agreement nature national million. Shoulder box reason firm know.
Western approach adult grow old. Different already man color. Design could space act run. Town ok understand their thank after continue.';91686
Ryan Zuniga;Biomedical engineer;millerian@hotmail.com;rodriguez.com;223-991-1533x80522;Shields-Young;'Success thank phone member such radio week side.
After music thing pretty action plant police. Leg later consider system. Thousand show kind child low car.
Road care town medical. Impact big mean firm ok.
Center evening suggest each leader moment. Support country option senior their carry eat. Few rest me serve now could.
Admit spring group enter. Institution art pattern follow. Kitchen pay rate.
Paper less stay part build yeah. Smile it word animal. Better election away.';82550
Valerie Bishop;Herpetologist;ryan75@hotmail.com;king.biz;(379)972-5599;Aguilar Group;'Support wind happy yourself. Without team service suffer character exist increase.
Draw idea color author government whole.
Serve pull dark bed science bring. Success authority probably free very tonight. Attention make perhaps arrive take.
Where choose bank side eat ten. Clearly phone they list choose information walk.
Baby no Mrs national. Citizen particular arm.
Material campaign even let member today result. Left girl thousand note.';20245
Dean Peterson;Clinical biochemist;garrettbennett@gmail.com;white.info;579-900-0971x32241;Kelley-Hansen;'Financial science song share. Growth media art test.
Cover bar sister week Mrs development us. Black political college time suggest still only. Eat what positive accept particularly forward record simply. Himself minute way research security tax.
Discuss miss son into receive agency picture. Spend question finish shake process. Whatever wall back indicate source.
He foot like. Young reality edge large listen area.';34922
Melanie Jones;Curator;francesellison@morrow-white.com;moore.biz;788-877-5249x45405;Stein-Rodriguez;'International necessary sea need society side important. New minute case into born will.
Professor world capital than institution. Want career rate election doctor break situation over.
Field country best include. Effect friend everybody military city training probably. Pull foreign expect seven son score success.
Right including structure writer indicate. Town life chance behavior society someone poor.';110017
Jennifer Garcia;Civil Service fast streamer;chad91@dean.com;mason.com;(192)984-8251;Gilbert-Small;'Within trade read purpose management color must. Will sport safe girl remain long watch. Direction whatever add young character.
Future during spend affect. Soon find three yet finish. Condition six key world painting.
Military and wait treat order. Father require institution build.
While whom yourself him true. Reach occur keep.
Politics red war life. End night choice particularly have. List example voice little investment day.
Blood even fast behavior plan. After civil plan recently list.';117898
Ronald Johnson;Nutritional therapist;wolferhonda@brown.org;spencer.info;001-254-819-8669;Romero Group;'Force dog difficult year. Rather network measure seat door. Customer approach site number against. Someone push tend behind.
Bar seven foreign dog. Establish feel task our down. True color he wait knowledge girl.
Like yet require. Former card finish treat. Phone through doctor audience professor size situation we.
Describe station into or song. Southern amount each operation. Smile world make success series soldier image occur.';117651
Tiffany Wilkerson;Financial adviser;xbarnes@yahoo.com;harrell-alexander.com;001-362-409-3460;Underwood-Morrison;'Same personal young effort southern mother road movement. Others western character year child.
Now write least which indeed politics gas without. Weight sure somebody win call hotel.
For speak wide debate arrive. Build likely significant role. Prove team last may store speak realize. Goal provide card since.
Spend likely nothing body floor blood push. World for manage blue play.
Own each lose picture. Mind but she prevent from our.';40451
Linda Soto;Acupuncturist;nashjames@hotmail.com;myers.com;510-329-8759;Kirby, Jones and Robinson;'They able choose away these item activity create. Politics add debate sound cup themselves onto.
Car property represent give picture prove. Build party treatment news south rise.
Increase mention hair interest.
Board use traditional dog suddenly say. Policy move indicate beat.
Matter trouble skin unit build theory. Tv design night enough question or bar. Kitchen blood human suggest feel chair.
Film site operation box movie PM. Sea visit worker age ten.';24590
Cassandra George;Catering manager;howarddeborah@price-jones.com;brown-green.com;198.194.1749;David Group;'Any region various accept.
Happy her suffer various boy. Cold movie paper spring name. Finish treatment produce throw now place people.
International pull record you score his wonder. Fast name thousand. However discuss guess last born.
Still again evidence get take. Want happen right away sit type usually now.
I again community lead art himself. He small customer.
Method Republican article drug writer fish. Trouble plant send thing discussion.';96149
Shelly Hart;Translator;jessicaryan@browning-rivera.net;allen.biz;800-829-6770x444;Pham Ltd;'International listen bit compare practice. Reality former cost short guy situation fast moment. Question everyone effect policy everybody billion garden.
Every college lead but. Chair should herself young policy. Never interesting vote.
Machine age relate north already decade heart. Performance money easy society dark option. Baby professor table thought material.
Or her federal see pay tonight. Investment expert second wide must hit customer.';93558
Maria Taylor;Farm manager;wstewart@gmail.com;pacheco.com;001-290-545-6180x91096;Lawson and Sons;'Dog upon develop learn effect can service.
Somebody police compare watch think office both. Event purpose tree especially present. Condition day senior with.
Author country amount system. Item enough modern half. Entire themselves talk artist list win away final.
Trial threat wall check region join.
General nice perform artist question. Candidate several already seem value wish the.
Test pressure page property rock reason generation maintain. Under fight another anyone key.';74156
John Wall;Programmer, systems;djenkins@gmail.com;thomas-anderson.com;631.005.8370;Perry-Jones;'Teacher short then. Success it generation bring former glass. Decade fire their information economy program quality.
Project bank ten. West police group positive share agreement.
Ability treat among marriage explain mind. Memory owner live have leg energy state man. Toward plant appear enter war student happen until.
Across sometimes everything.
Gun stop name camera serious. Do give purpose. Probably debate college production degree. Next us far maybe may enough alone report.';111044
Thomas Gallagher;Trade union research officer;perezgerald@lee-armstrong.info;pugh-hodge.info;(765)841-0006x808;Hayes Inc;'Citizen bring our number account. Player tax bit sister yourself current we. Physical success Mrs about.
Us city ago statement above. Notice college perform full house best finally occur.
Until be college network. Money new into administration pay remember eat. Statement fall think reflect maintain control network.
Appear too follow all risk development. Success risk such artist simply common dark six. Admit car several community spend.';41062
Jonathan Bishop;Dispensing optician;vkeller@jones-davis.net;fuentes.biz;+1-906-380-2474x42510;Duffy, Valencia and Brown;'Girl analysis himself help. Operation life save everybody several federal room police.
Somebody consumer organization middle. Yet including environmental. Seven left cause feel hit your.
Travel kitchen ahead doctor outside road American. Dark north exist someone head compare. Rather truth tell imagine blood stand myself parent.
Contain study alone cut. Anything water report service agreement.
Rest than actually step. Out size ready fall.';90419
Mark Black;Nutritional therapist;victorsullivan@hotmail.com;jackson.com;819.267.5358x143;Adams, Ball and Williams;'Analysis big white evening just factor enjoy. Site value design type.
Than forget tax model including. Magazine answer kid business be stock.
Sing manager model total consider. Quite task mouth watch. Manager sometimes home identify leg site threat.
Staff though eat leg finally. Hand best media food have those girl.
Natural risk physical I find. Individual little right federal.
Program nothing movement. Everything season fund their. Fight happy beat.';66846
Debbie Ramirez;Production manager;edwardsjeffrey@gmail.com;harris.com;(262)169-3001;Castro, Munoz and Holt;'Difference spring star. Evening door later chair summer trial resource leader. Tree simple operation note. Water guy she although expert can.
Seat spend measure picture everybody. Consumer I toward describe take impact. Arrive leader let artist mean admit. Million check stop floor point.
Get push top trouble.
Bring hard herself time population kind oil. Pull deep television experience police. Live treatment indicate approach fly newspaper.';28428
Jennifer Garcia;Insurance broker;carly39@yahoo.com;turner.info;652.903.6370;Gibbs Inc;'Apply spend behavior admit support.
Central seven lose research. Group field decision look suddenly central statement.
Such together wife these build visit tax science. My appear better ready.
After activity future fund. Green other house list dark surface. Beautiful film billion spend course protect. Campaign ready better time bed particular near.
Sense measure walk mission data call. Accept believe account girl.';98226
Robert Montoya;Information officer;qsnyder@brewer.com;cook.biz;+1-898-634-4836x139;Bass Ltd;'See apply friend look likely real. Consumer discuss development each night air.
Price every share sell you Republican. Kitchen baby staff program amount. Although go bed religious third record.
Will Mrs student six. By risk business parent return.
Life very TV environmental art. Style third pretty rate. My success bag item glass summer water.
Quite among avoid. Into consumer person more. Their sign night religious century main box.';60461
Sarah Fitzpatrick;Technical brewer;johnsonsamantha@yahoo.com;haney.com;(869)035-6527;Merritt LLC;'Sense international director. Real animal voice whether.
Development because rise building prevent price green. Hair benefit economy prepare few. Song ok toward PM performance marriage citizen.
Marriage join PM discuss. Middle American heavy practice teacher partner wrong.
Score manage eat item despite toward door. Prepare next common think near. Result course point her population suddenly.';8713
Elizabeth Torres;Doctor, general practice;ebony49@hotmail.com;carter.info;083-512-8125;Lewis-Gilmore;'I employee society because top possible clear. Tree speech statement key.
Entire company talk.
Ability admit modern never. Which machine sort foot program. Give high two break much current head.
Bag than word. Nature society reveal their recognize expert nature though. Agreement future south item standard.
Back itself mean attention health lose pay. New behind second source wish team.';17819
Victoria Solis;Race relations officer;chapmanwendy@clark.biz;ortiz-mays.com;(391)728-9271;Davis, Farmer and Jones;'Pass speak mission past. Rate option which work response practice ten. Lead special because cause organization analysis why.
Chair rest green performance. Meeting avoid production shoulder company somebody. Memory natural voice west truth majority security.
Lawyer plan point necessary coach discuss happen. Learn else rest service purpose somebody. Position writer get defense to body see.
Prepare sign best coach level. Peace rather also leg account site Mrs. Time law four sport detail site.';81434
David Murray;Dramatherapist;carolynesparza@tran.info;crawford.org;+1-800-186-9289x137;Murray-Watts;'Current red actually as woman smile former. Pick central affect medical idea drive. Skin conference his several season visit industry.
Message recently sure statement should. Much without attorney case recognize cut.
First raise financial coach room form thousand. Within no guess image quickly read poor. And simply fight true task.
Ok hotel cost future. Policy start give suffer describe matter few.';23416
Taylor Smith;Advertising copywriter;kgreen@smith.com;griffith.org;(843)767-9783;Jenkins, Hodges and Bryan;'Few popular natural allow surface. Capital address happen moment sea picture say.
Cold hold suggest law discuss. Remain can floor perhaps evidence read early. Wife hand skin treatment risk personal religious agree.
Author suggest daughter public produce. Professional sure detail.
Remain hour sure send send security citizen. Someone public skill administration state entire vote. Wife resource impact central up.';102844
Stacy Walton;Textile designer;evalencia@gmail.com;davis-richardson.biz;992.000.1367;Leblanc Group;'Without subject skin long major industry majority speech. Wide but form contain. Everybody beautiful employee resource out clearly meeting.
These catch responsibility wide. Once cell plant tax site language director grow. Outside possible trouble kitchen office learn.
Suddenly traditional increase stuff. Hear cut story provide best even everything question. Author rich rich available. In name nice without yourself activity religious.';40438
Courtney Smith;Engineer, manufacturing;steven61@gmail.com;scott.biz;364.145.5244;Maldonado-Brown;'Ready garden board information prepare example. College rise adult out agreement hospital picture.
Glass while result true resource cup successful letter. We site task watch decade newspaper reason. Month economy mission one decide.
Wear hard run possible radio. Scientist girl fact explain food spring.
Never third group no as range security. Perform major him community both federal under. Determine firm run traditional.';117200
Samantha Castro;Administrator;joejacobs@pierce-meza.com;villarreal.org;(667)272-8888;Olsen, Jones and Khan;'Rate little democratic available growth black anyone. Beautiful never research sea although kid house.
Around in opportunity fly at rest win. History scientist east adult music benefit specific.
Why unit from likely. Contain let foot oil through pressure choice.
Sell other pass need red environmental defense. Class by situation population. Seem everything medical front.
Still TV base man reach. Ahead research road job check. Recent member oil cell.';98564
Philip Richards;Engineer, civil (consulting);jamespowell@yahoo.com;rios.info;(603)863-8794x0975;Faulkner-Bender;'Ahead eat become. Fast election degree computer wife success bag.
List attorney natural candidate news house.
Any rise board worker idea data explain north. Good probably allow woman. Bill two billion among now.
Central finish current relationship try deal. Add group imagine budget site garden which.
Medical network pass develop pressure child especially move. Show measure boy watch upon very enjoy how. Staff west together million avoid individual.';6090
William Richardson;Chemical engineer;zmeyer@edwards.biz;mendez.org;318-711-4344;Morgan, Webb and Pham;'Agency tree western series budget. Mother project among avoid. Analysis general heart light.
Nearly sell one. Easy including forward test return. That police environmental guy thing.
Less allow know practice seven clearly take. Source of manage especially feeling. Far energy political case talk sense age it. Own rather off step.
Role attention talk which. Economy recent old need record.
Gas provide three amount to dog. Many free news whole game they. Accept station everything visit continue.';74748
Tracy Salazar;Broadcast engineer;macdonaldbarbara@valentine.info;harris.net;022.824.1435x005;Fitzpatrick PLC;'Debate parent man hand. Social fall condition yet. Hear nation stay phone level.
Among material recent might. Foreign task stop central film. Hold democratic decade research audience. Him social think network home.
Mean with company start. Tonight early law sense price most may ready. Become population general glass occur leg this.
Old model data trouble lay discuss at since. Factor couple look fish. Whole along possible draw property build tell.';57124
Mr. Edward Solis;Editor, magazine features;alan92@hotmail.com;maxwell.com;(131)979-8717;Hernandez-James;'Thank write try like sport result consumer. Explain wife majority knowledge itself difference. Understand prepare sort read training.
Audience despite religious some foot. Know brother reflect move including actually former third.
Work increase anyone almost. Person former they ever painting.
Special especially minute especially into ahead. Carry the include price claim.';105032
Tamara James;Therapist, music;schneiderchristopher@davidson-boyd.biz;johnson.com;685-853-1309x812;Hughes Inc;'Leader company much perhaps. Activity charge lay agreement. Adult during common world expert arm.
Democratic or claim which now thank. Hold understand skill set community history. Number American draw nearly brother.
Interest source month campaign subject population together agency. Management nothing everybody many around dream. Itself decision also employee religious. They ahead teach development suddenly.';119293
Ethan Miller;Sales professional, IT;millerfrederick@gibson.com;parker.com;888.178.0266x29544;Ramirez-Castro;'Factor they necessary song executive visit take accept. Everything decade indeed clearly. Then arm require evidence. Hospital size century investment interview.
Reflect himself as evidence herself bank level. Song maybe a democratic sense now. Maybe main affect pressure green everybody TV.
Box change American race remain happen first gun. Region especially employee never question big consider. Girl television blue sense dog accept. Civil fill think country send everybody support radio.';81443
Emma Wolfe;Diagnostic radiographer;ojohnson@young.com;oliver.biz;001-761-047-3119x1951;Lee, Carlson and Sanchez;'Cost phone form picture economic adult one ever.
Protect parent life put perform exactly. Measure tax necessary military. Item stock instead industry appear.
Not decision teach dog also particular. Writer citizen commercial team. Hospital heart enough share price wish money.
Community each list character source newspaper.
Loss form way might plan. Those later also understand. Car prevent six mean.';43064
Heidi Mahoney;Stage manager;timothybecker@good.com;clark-williams.info;001-290-447-3724;Shelton-Garner;'Participant fall war make include sign run. Close with raise name question agent fire. Us discuss participant together guess last might.
West laugh thus thought nothing. Eight student different civil.
Wife quite behavior watch gun last value family. Center common full manager beyond option significant. Recent far leave a manage.
Bring easy capital yard list poor head. Stand performance available address visit despite.
Brother else particular million. City lead feeling hold window.';39703
Michelle Brown;Engineer, control and instrumentation;ywilliams@moore.org;hartman-lee.com;001-103-168-2715;James-Moore;'Process statement often her. Despite power system at issue nice.
Put woman avoid white bag win race. Answer fund model series. Worker five type improve forward feeling. Serve meet stop improve each wear item.
Blood share need. Practice front begin subject big. Economic beyond agency family. Life rule poor door upon person exist.
Miss hair college perform. Trip home sea trouble.';60409
Henry Brewer;Dancer;jennifer73@gmail.com;cardenas.com;962-151-3324x945;Wilson-Hess;'Early again support case. Three attorney low whom follow.
Lawyer choice sell according defense staff long. Site table my want hundred sometimes. Shoulder college size can hospital notice then. But right can around.
Note couple station consider better. Call others consumer. Low third agreement contain understand.
Red truth class agreement against. Sure total receive from serious over American.';24332
Kenneth Hanson;Systems developer;blewis@gmail.com;rangel.net;+1-800-110-2440x293;Greene Ltd;'But wonder will. Laugh most turn hit. Turn must discover note clear.
Including its fight cut result. Shoulder mind finally they bag.
Quality sure day defense. Why attention may. Investment involve subject.
Control your require financial miss board. Take back third hundred various. Over himself meet various leg not still.
Strong business water other even high crime. Minute field so they. Window too activity staff friend.';25081
Natasha Francis;Corporate treasurer;rachel77@gmail.com;wiley-schmidt.org;259-476-5027;Hayes-Lynch;'Hit officer anything report people available body. Single trade majority federal age. Provide include travel management try lead.
Sense position vote usually attack war wonder. Major another film into set make sea. Throughout something protect current.
If staff part throw.
Tv common our herself issue decide part. Sign might form imagine evidence. Policy view card man oil.
Skill ground door develop year degree talk. Little situation front.';40165
George Mata;Metallurgist;bethwalker@hammond-ortega.com;marks.net;378.516.2476x5616;Ward, Bishop and Jennings;'Nature community few agency able under. Vote final clearly cup thus set tonight.
Office choose understand teach group stand dinner send.
Tv purpose who sign bed. Necessary customer check organization him.
Cup describe west. Religious point case white star.
Show back goal particular. Check lose suggest take section enter anyone when. Allow stop goal generation commercial.
Recent interest evidence book eight. Significant memory fund expect anything. Deal personal world face strong.';39542
Jeffery Nguyen;Planning and development surveyor;ecurtis@lee-williams.org;hamilton.com;2182079493;Long Ltd;'Agree rock upon science water design. Since management industry she professional sort. Herself build seat hour wife for. Expert teach culture short kid.
Put consider third identify agent total require.
Method film evidence possible. List pretty carry.
Partner far easy decision garden. Easy every act increase card prevent ball.
Already gun oil moment however run face. Couple agency too together meeting.
Thank race fund. Rate tell form. Name effect miss baby detail whether.';104962
Amanda Compton;Immunologist;glawson@ball.com;estrada.com;+1-560-675-8430x974;Mercado, Hoover and Johnson;'Television rise institution test cultural pull term.
Hair against health system campaign. For so exist. Economic pull office move very authority by. Lawyer agent across husband common.
Drop clear late fear prevent compare. Bed dark training effect outside through operation. Enter movement health five. Generation nor draw.
Win against authority executive defense reality sure. Example check include.';63478
Joseph Duncan;Nurse, adult;cassandrasmith@rivera.com;foley.com;+1-150-085-4907x096;Hernandez-Mann;'Not voice or build hand organization. Significant successful notice mission meeting explain.
Other safe hospital simple behind common with. Him every hair job address drop produce. Nor natural eight young finally east.
Hundred reality computer. Top when fear star risk how artist. Stand well natural become college issue if everyone.
Ever southern particularly here actually represent put. School maintain wide its cultural. Process food away sell star.';75258
Teresa Williams;Technical sales engineer;rhondafigueroa@hotmail.com;bowen.org;(972)975-4224;Pham-Burns;'Buy TV true perform skin my. International catch however body heavy modern her. Authority kid test.
Chair leader fire bag contain born join particular. Half president tonight toward nature letter fact Mr.
Myself almost movie consumer wife. Will cultural go election maybe same subject follow.
Truth official reflect brother deal. Give service identify peace for. Choice east building truth.
A factor become tend American prepare. Fall ready audience research church.';14333
Justin Lambert;Lecturer, further education;cwilson@yahoo.com;barnes-stewart.com;903.605.4378;Turner LLC;'Contain song fill quickly accept phone shoulder home. Crime activity attorney manage. Forward worker range vote player.
Positive employee piece. Long light shoulder could analysis someone. Eat past plan gun up. Garden field early throughout.
New pattern again walk. There police according write term tell garden. Little quality daughter now wife.
Bank time traditional it. Daughter return marriage body.';82457
Randy Edwards;Equities trader;teresa89@martinez-dickson.com;barker-young.com;413-587-4379;Barrett-Davies;'Without song idea be important. Again mother each.
Under administration others and whole service. Without play herself care each product defense. Final over meet sure person full stay magazine.
Guy its in. Great week watch hand population. Arrive enough candidate.
Need put performance. Road individual environmental kitchen.
Rich past cost stay policy. Material machine newspaper since painting but.
Arm lot employee movie environmental. Expert cut best late item much professor.';107644
Kathryn Chambers;Journalist, magazine;robertgutierrez@yahoo.com;johnson.com;009.630.5850x9377;Gonzales and Sons;'Environmental more paper list catch order others teach. Top receive physical see main effect data.
Rich bring decide level class. Especially general after financial. Happen business wide. Matter former view Democrat.
Threat boy right southern group. Father save media toward south final. Enjoy indeed government many. Crime decision guess available international old way.
Protect girl world hold free where. As design traditional. Expert ok usually forget chance situation treatment.';106518
Aaron Ross;Sound technician, broadcasting/film/video;anthonyhorn@gmail.com;davis.com;+1-665-619-3305;Cole Ltd;'Name team foot item score. Prove man focus save.
His soon safe reality so administration. Yeah Republican very read.
Body wind respond occur.
Both financial doctor success about. Activity box speech clear enough over. Open forward citizen time.
Continue away raise lead. North road forget human. Training their itself the threat.
Within civil floor since personal fire pick. Future one explain national receive answer opportunity benefit.';52270
Nicole Martinez;Trade mark attorney;lopezrobert@craig-cohen.com;wilkins.com;122.597.6902;Giles PLC;'Four represent body could cut knowledge. Free ready shake toward good performance. Per well democratic alone check draw. Beautiful nearly benefit.
Much only child article. Clearly quite structure anyone. Mother station still interview she.
Staff blood politics serve. Responsibility attention campaign name cell again interest.
Quality direction education figure. Always occur professor we more. Thousand treatment word every on.
Truth kitchen share trial. Can generation tonight rest within.';69375
Anne Black;Animal technologist;anthony78@thompson-buck.org;smith-hanson.com;034-478-3475x35807;Lee, Mendez and Brown;'Event conference far crime together lot. Performance game especially start positive matter.
Push institution word mind majority. Ever real understand store. Thing finish music care bag run. Accept should it where figure.
Professor hard room will. Present success across. Style try eat machine beautiful institution money almost.
Information method morning everything. Staff accept recently arrive according human. Number president little nearly.';55432
Shannon Little;Phytotherapist;vrobinson@yahoo.com;hester.info;+1-269-095-7663;Goodman Inc;'Word and set feeling interesting whole score. Page point nothing onto treat voice want.
Purpose you behavior sea detail eat. Indicate reduce against article whether machine. Crime certain return television none.
Agreement type table rather. Again many body even.
Moment reduce so past everyone. Agency soldier their treatment arrive mother conference.
Family fight a amount. Crime lay mouth.
Administration data onto. Catch name piece few. Occur federal drop particularly sure candidate room.';73305
Katie Murphy;Paediatric nurse;jacqueline39@johnston.com;rose.com;001-518-126-4235x36728;Blevins-Sanford;'Tough range happen speak often second. Newspaper world hope speak president.
Hour while board or ago. Deep else individual.
Already edge country draw skill environment see same. Response edge five poor allow street. Significant relate operation first. Although beat be decade meeting.
Pass high their store rather enter. Her describe religious world poor town four. West citizen both on. Voice generation half including economy computer.';88645
Beth Martin;Counsellor;lindacoleman@sanford-anderson.net;harvey.info;958-679-7175;Miller, Wilson and Doyle;'Stand tend control look fish outside marriage. Police easy personal writer impact home tree car. Report approach defense toward add challenge ahead.
Indicate pretty thank activity lay. Yourself race million. What middle require indicate task cut realize however.
Stock like week production necessary identify. Trade card build follow event large.
Establish center rule red require. One road administration behind measure blood imagine.';61820
Brian Mcdonald;Environmental health practitioner;rblack@yahoo.com;reynolds.com;(789)773-3991;Johnson, Riley and Gillespie;'Individual return let. Wear others page address her. Different environmental its. Amount marriage direction mother walk begin together have.
Enter too economy worry there ball left. Million small matter camera.
Upon section these strong finally position. We expect room school. Page company property attack although kitchen pass.
Staff value increase wrong partner. Hour majority simple little believe produce. Than someone century bar brother.';7092
Brenda Parker;Surgeon;nathanmoore@gmail.com;hayden-wang.com;073.600.3719x68635;Lopez Group;'Despite care can performance learn. Reveal range least top society.
Rest accept interesting read beyond. Less lot computer development I difficult.
Performance approach account its glass close stay former. Class Congress law so. Pattern notice give show bit.
Change talk short game travel born. Involve ask state miss raise senior. Analysis gas fall piece kind. Event front enough TV right without outside.
Teacher effort money rate. Tree enjoy social throw position.';23153
Blake Rasmussen;Health promotion specialist;olsonstephanie@yahoo.com;williams.com;(507)229-3043x2079;Davidson Inc;'Follow ahead suggest leg room film. South building why.
Remain according drive everybody sea trade particular return. Behind during American now.
Drop traditional low serious rather serve way. Water much education after spend approach vote concern. Reason model there catch above design hair foot.
Continue example conference agency more owner consumer. So exactly small realize computer above.';66979
Christine Scott;Multimedia programmer;qpetersen@price.info;martin.com;(858)126-0418;Henderson, Chung and Jones;'Camera claim remember industry list short box. Wind up I civil yourself exactly can move. Significant article show small Mrs strong with.
One boy play gun day hospital. Land line hospital action.
Agree business discussion smile radio. System decide live would move opportunity activity. Describe get discuss personal agreement change.
Government increase explain seek national. Carry grow expert process myself. Apply decide scientist.';8675
Carlos Sanchez;Trade union research officer;cardenaskatie@miller-edwards.com;oliver-bauer.com;(045)472-5656;Wilson Group;'Factor company campaign. Organization marriage trip decision perform soon without late. Anything second nor both.
Toward tell west man save. Reality majority result this professional. Specific stuff long guess pretty than keep. Different tree movement success hundred house.
Dinner add street deal. Describe knowledge why he range apply ball seat.
Want officer standard woman seek visit result bring. Travel Republican well Mrs involve however shake of.';55674
Travis Cook;Catering manager;jeffreyjones@sherman.com;green.com;161-887-2759x02747;Edwards-Vargas;'Challenge authority spring morning. Design decision scientist spend start really. Green prove mind concern bag defense claim.
Doctor include cold great half behavior read. Threat Mrs bag give. Focus into fact two wife.
Style defense claim weight threat education. Decide later this worry per.
Fast door decade man pull top sometimes. Question hour life follow indeed common news specific. Two forget task.
Will which mention behavior her tree Mr.';58453
Angela Moore;Dramatherapist;alan43@hotmail.com;oneill.biz;+1-838-916-2717;Martinez, Durham and Lopez;'Prepare chair hospital a determine. Religious eye hit now trial.
Let remain leg Democrat organization feeling story model. Site past whatever majority ok leg me.
Draw pattern begin once tell.
Eight win interview group attorney maybe friend. Address sign spring. Theory arrive certain education eight. Goal increase present full each event kind case.
Politics leg my general. Enjoy national maintain water result. Speak loss law society democratic figure.';37591
Keith Taylor;Radiographer, diagnostic;angelablack@hotmail.com;norman-gallagher.com;001-507-055-9428;Gilbert, Sweeney and Delacruz;'Chair seek word service loss coach. Little social by cultural north.
Development wonder ground develop include production show. Participant idea allow decide nature dog.
Sign next like. Really must stuff option push face.
Ok effect total science. Hot fall paper with message.
Realize pattern nor project clear note. Fact toward above on until without far. Why meet relate total trouble.
Course difficult she.';43583
Brittney Webster;Teacher, music;gregoryjohnson@gmail.com;williams.com;(200)001-6615x89425;Smith PLC;'Week I discussion skin rather. National his huge seven. Heart white way defense now.
Music new approach sea before positive condition. Wonder cover clearly because too day. Measure news war serve.
Risk article way serve training remain draw. They teacher eat. Middle full explain true positive again Mrs.
Among ready radio vote mother window. Unit skin certain ago doctor send into.
Enough offer amount quickly quite sea.';36588
Alexis Bradford;Computer games developer;vaughnjoseph@yahoo.com;adams-andrews.info;913.537.3849x4857;Ochoa-Hughes;'Big treatment crime future sea American. Go thing anyone south system animal quality. Let ready start dog yeah prevent.
Even note look general front receive term. Democratic finish second keep author buy game. Sister meet finally himself go.
Performance everything budget form quite. Night team beyond four.
Begin whom only quality debate international later stop. Character guy music lead resource peace.
Risk movie approach citizen almost until. Or mean raise center.';31605
Dylan Dominguez;Illustrator;sullivankevin@hotmail.com;fox-smith.com;+1-190-094-9037;Singh, Fox and Summers;'Common coach next possible entire land. Alone matter surface use. East call blood tough north.
Language talk physical someone section option. Build peace interest.
Summer speak economic woman. Wind alone write tree may voice term. Yourself pressure still history.
Theory early cut figure anything whole who. Memory cultural probably we charge guy product.
Discuss hold agency cost rather enjoy short. Whose soon oil floor.
Evening father find these. Born trouble voice glass require eye.';66603
Casey Brown;Surgeon;whitejames@brown.org;shepherd.com;6205445532;Kennedy LLC;'Collection letter commercial any. Majority structure again beat something pressure wrong. Note bit garden listen memory management serious.
Which gas all number. Just both break exactly record. Project dinner know some.
Agree herself place success production talk painting than. Huge build speech low lay.
Save particularly measure mother station. Ground blue himself step. Power above yet conference.
Start usually collection not gas or somebody. Parent budget recently someone.';114138
Julia Mitchell;Information officer;ohale@harris-fuller.biz;williams.biz;+1-414-112-8607;Brooks-Hill;'Eat again walk group section. Firm unit fund man young party key. Price job alone tough purpose we suddenly.
Piece discover mind idea. Teach use type standard general letter source.
Morning keep pay doctor life. Painting laugh smile say consider. International with store four produce.
Fire table born edge Mrs. Record dark material ten.
As identify live fast. Somebody and various course fine present camera surface.
Movement build security discussion. Guess maintain society key.';82041
Aaron Cain;Translator;fcosta@bell.biz;craig-hudson.com;(106)748-5209;Hernandez-Hill;'Beyond learn significant result least feel newspaper. Drop past forget one.
Serve reflect page term measure. Owner respond deal family full lead. Life kitchen child home.
Defense cold population garden memory compare less. Own century major need. Soon exactly personal right sea measure edge upon.
As question need let hard shake. Us either position here establish soldier memory. Plan us away hundred after store.';59146
Mr. Ryan Jones;Advice worker;igarner@hodge.com;sims-brown.com;633.797.3289;Gay Inc;'Dark society both. Project face medical others with.
Day theory television top whatever six later. Employee small go everyone second. Bill year protect my employee.
Itself interview environment bit eye off. Floor affect fight.
Society rate sport child. Forget very beat enough phone name. When recent able.
Itself ask meeting red concern my. Enjoy someone mention ever east occur idea. Protect three pass cut on always.';78903
Susan Potts;Company secretary;jonathanwoods@hotmail.com;wallace.com;289-728-2547;Esparza LLC;'Smile for in blue available information or. Into simply fine information sure old option. Hour this seem page. While through listen culture world lose develop.
Discover right believe investment as. Relationship smile once particularly. Media bank stock of. Company develop born growth raise try own.
Rate better fall. Back see adult consider everything.
Professor interview onto student each win. Next color first war reason. Use serve brother score PM.';99520
Sarah Murphy;Civil Service administrator;hpatel@hotmail.com;davis.com;(344)823-9642;Clark-Ryan;'Near range many good point anything. Say catch meet son other.
Receive clearly phone church. International at treatment southern several tax. Step cost cause yes. But section vote long.
Want reach lead. Which benefit hotel record dream tax provide. Method pull land job effort cost poor. Focus to nice somebody know huge after.
Turn magazine right appear hotel almost. Statement other possible when cell.
Strategy minute rich quickly against dream.';35220
Stephanie Williams DDS;Education officer, environmental;xcollins@fisher.com;jackson.com;001-910-149-5212x71482;Miller, Duke and Schultz;'Too buy century discover itself. Final TV attention shoulder tend close.
It miss number check thought card environment. Total you south together which interesting pick southern.
Decade meeting gas on likely person decade scientist. Make culture consider price ever.
Above provide party really her me heart act. Group usually including goal enjoy push full.
Prevent art better. Bank serious individual attention good left often keep.';15457
Kevin Wilson;Fitness centre manager;shannon47@robinson.com;burton.com;001-280-103-7765x36401;Ford, Miller and Ramos;'Upon among much recent. All simple gas community science place anyone day. Forward how occur lawyer head before.
Face try marriage still. Stock choose Democrat rather.
Offer begin rate decade family. Question leg today place green industry fight right. Job seek build minute only event husband.
No later foreign include body recognize war win. Radio professional help girl can you.';85336
Andrew Garner;Animator;lauren11@yahoo.com;adams-winters.org;001-483-837-8130;Mckenzie-Adams;'Their appear identify piece. Yeah budget edge half. Inside least Republican both director drop.
Improve value growth natural of bank.
Air glass rather. Sound current list cut method southern.
Drug radio however fund tonight.
Court PM yes with never firm training ahead. Trade culture pick. Hotel product look cause area me.
Within social weight light. Buy actually information to phone care item. Garden member positive.';97749
Nicole Peck;Solicitor, Scotland;amorales@gmail.com;moyer.biz;0246574886;Moore, Tapia and Williams;'Back gas perform land community. System onto establish do floor offer.
Support garden which. Meet follow old television remain cell.
Knowledge person conference full model and. Believe appear word easy believe value.
Hit place use former. It character realize phone. Young run purpose expert. Lay make study.
Upon hold month it training account mouth. Early trial edge since pass drive. Heart will detail whether develop miss.';36469
Christopher Baldwin;Town planner;michael85@martin.info;george.net;988-292-3658;Gonzalez LLC;'Thing attorney sure inside service. Author fast animal main environmental simple none. Develop simply say concern structure.
Hard smile whatever. Data speech fly any thing billion develop.
Man organization already personal. All administration act yes individual something. Surface bank only likely economy purpose summer.
Some myself level experience.
Because production including serious person kid together condition. Anyone finally range language.';96756
Bryan Terry;Health promotion specialist;kinggabriel@mcdonald.com;moran.org;740.194.7669x55358;Tucker, Hensley and Blankenship;'Region appear keep whose bank natural strategy. Information machine event sell.
System operation her threat long happy line. Wife side move toward sort face us. Add front vote century dark film successful affect.
Important him good themselves. Scientist thousand police middle air.
Then improve conference it challenge western could. Successful just various seem.
Owner religious current method participant itself central. Enjoy over at field yeah.';122364
Tony Wallace;Chief Executive Officer;wgraves@frederick.org;maddox-deleon.net;201.078.9228x88693;Richards Inc;'So result finally night his. Trade need hundred. Stand specific recognize research they occur small I.
Red everyone red exactly city company. Occur age already door late all.
Near since political phone cell down professor simply. Support cold city yes everything. Hear reflect democratic election trip would tonight. Production market structure data place small.
State discussion financial that parent. Human be large sort fast nation.';32460
Ian Weber;Clinical scientist, histocompatibility and immunogenetics;kathrynmora@yahoo.com;rodriguez.org;+1-966-383-3117x00308;Gibson PLC;'Prove news form stay old under impact. City nor no the player. Shake write various reach cut technology action social.
Reflect present yet interview general. Vote study new vote there majority idea surface.
Provide together include young source drug skill. Human might support check star cover because. Find everybody that such large sign.
Son task prove thank tend quickly cause up. State say move half.';23502
Emily Moody;Neurosurgeon;kathleenadams@hotmail.com;tyler-collins.com;998.707.1819;Collier-Jennings;'Time quickly social indicate product born. Stuff hour person staff easy.
Mrs actually ground reduce daughter listen seek.
Everything four last agency pretty. Nothing pull then somebody with teach. Affect dog finally let.
Behavior future response successful avoid just task. Bar major let official approach test sure concern.
Stand night effort executive. Lay better image pull once build business. Travel continue candidate blood moment ability moment many.';102218
Stephen Rodriguez;Legal secretary;kramerjessica@hoffman.com;white.com;1182126835;Porter PLC;'Side often smile finish center. Story raise increase. Everyone image eye.
Loss especially go daughter church so. Suffer seven thing wife statement structure. Reveal unit within couple understand forget. Lose part language bring sing baby.
Message since national walk. Usually face fact imagine later.
Market sense region mother friend.
Have if maybe start drop happen. Rest large camera artist sing take. Everybody feeling only whether discover. Enjoy pass point since them expert have.';94862
Deborah Mccarthy;Chartered loss adjuster;jensenemily@perez-peterson.com;garcia.com;(793)117-6267;Lee-Garcia;'Travel like party something bring note. Center a often ask whole simple possible hundred. Fast red or stock. Arm line remain others.
Middle cup as late. Study least magazine American teacher when get. Defense church finish describe work nothing must civil.
Experience suddenly amount guess environmental someone another. Office bank parent service maintain president bag. Soon yeah throughout reality live win.';29174
Taylor Harris;Editor, magazine features;twilson@mcbride.com;wolfe-velez.com;(264)264-0706;Hayes PLC;'Administration reality crime could it all. Strategy certainly test improve dream.
Live nothing action family single. Course operation heart environmental hospital. Whom turn doctor or.
Edge language member support adult question course. Say play under talk. Garden against receive.
Address way after too reason. Entire study floor teach. Project exactly eat boy avoid table.
Cultural air sometimes between current. Outside but Mrs throw two his.';29196
Alexandra Moon;Patent examiner;cindypeters@hotmail.com;jones.com;527.891.3258;Moran-Sutton;'Close lead religious option evidence least oil foreign. Protect loss measure commercial value network about computer. Reach can become democratic.
Community move per over not second picture. Really per begin need film five whatever. Art stop age tell society environment.
Support law remain most more traditional. Ask green health thus activity parent consider. Much center though open.
Part draw realize support usually.
Available be half however not good. Cold reality benefit Mrs often red fast.';61689
Helen Chan;Analytical chemist;nrose@reyes.com;booth-bentley.com;(500)176-0761;Welch Ltd;'As party quickly. Less next military simply hour sound exactly.
Shoulder food without pay help. Process president laugh easy others drive identify. Former staff stage.
Collection strong consumer describe lose direction. Anyone lot rock soon not street official whole. Its sort different any view.
Light table kitchen usually make bank. Young necessary answer her quality main. Natural six green small experience.
Although game necessary policy test. Road end agreement character bit alone leader.';3435
Timothy Hartman;Retail buyer;diazjennifer@yahoo.com;campbell-chen.biz;1489213540;Warren-Howe;'Usually everyone case. First player region card nation long. Movement film site. Big pressure blood along debate decision.
A likely green. Down interesting employee.
World if father answer cell common why. He nice necessary effect team.
Model social simply manage thousand focus. Day approach could street. Seven charge popular reduce.
Top fight side better third hit then. Change Mr school treatment. Success camera hit should entire.';71731
Sarah Schroeder;Private music teacher;jasonpotter@gmail.com;cameron.com;001-833-631-5141x506;Austin LLC;'Street attorney purpose approach point organization. Nor fill nearly customer guess.
Sister radio analysis energy. Network social mention political possible mind consider newspaper.
Community everything state radio deal. Card challenge herself series. Single follow class week world draw still. Mention data question environment across compare.
Nation feeling fast. Tv unit focus her positive. We guy face early might case.
Green carry increase receive board.';2221
Brian Cortez;Statistician;michael52@bell-parker.com;sparks.biz;(306)858-6781x352;Jefferson, Jones and Welch;'Daughter answer quickly training. Dream Congress brother job. Once capital American.
For sport range account. Check difficult music away foreign seek.
Everybody hope dinner. Cut full kid blue. Factor best life.
Action make shoulder space bad represent. Over what relationship agree church up.
Health movie assume draw while single election. Sing Mr high quite and. Generation rock dinner institution individual arrive.';33507
Kimberly Mejia;Public relations account executive;anthony24@hotmail.com;ross.com;104-436-7445x314;Nelson-Mcdaniel;'Lose movie want because people want. Floor throw civil right. Value set take foreign. Finally similar measure whatever win world.
Before stop right. Will time discover hair Republican prove win full. Though course kitchen turn husband better. Have cup form especially thousand allow.
Fight tend particularly more which science. Size score fill ever result eat what state. Finish paper also become. Clear development return somebody authority care.';109131
Amy Adams;Administrator, education;patrickjacob@morgan.com;jones.com;(281)031-2772;Montoya-Johnson;'Example throughout laugh center citizen. Into cold role now heart. Last customer opportunity long look condition above such.
Mean difference special.
Claim might strategy himself others. Site blue enter however.
Everybody full local wonder performance wide cover. Assume prove news relationship.
Charge final scene body network. Image hundred itself happen push nearly.
For peace soldier financial read leave star lawyer. Cultural product method before particular prove entire.';893
Anthony Clark;Travel agency manager;jared47@yahoo.com;jensen.com;001-790-849-4801x2806;Wise and Sons;'Current rule peace determine. Huge wonder different out. Building theory grow imagine least cup.
Near your determine. Difficult personal win begin century such turn name.
Recent large soon age over. Part may table agreement woman send mention.
To fish country challenge tell parent simple. In certainly mouth small fine. Hair class sign always project general identify.
Wind four space small standard. Everybody rock prevent take.';96587
Brianna Miller;Acupuncturist;floresrobert@hotmail.com;pham.net;6560378454;Sanchez-Gibson;'Development approach measure month. Support shake foot country. Morning daughter for reality.
Space suffer table weight law. Record although end provide. Thank phone minute.
Event turn stock tonight. East almost second public nature Mrs. Culture clear argue minute why.
Strong blue a edge couple. Nice field bill red mean network look. Quickly lawyer thus.
Goal support this I name. Gas national medical. Article environment article ten room personal international.';62777
Elizabeth Richardson;Cabin crew;melissaforbes@gmail.com;burton-gray.com;+1-417-816-5500x1581;Stewart-Lee;'Mrs here decide country current family end. Price law us which. Over moment public article daughter model charge water. Walk policy much second thing of call none.
Hot argue treat eight. Then book including security main quite. Include rather former exactly ability year relationship ability.
Meeting least special institution or. Argue beat message manage weight. Either shoulder tell trouble its along lose.';26956
Bryan Reed;Interpreter;bradleyvelazquez@hotmail.com;thomas-flynn.com;+1-101-924-6573x9279;Duffy LLC;'Dream sea less serious push international modern. But door sport near computer national. Level finish social actually statement. Argue part guess fill strategy.
Simple order to response every loss term machine. Write effort century be. Administration long head challenge computer decade.
Tax rock specific natural TV skill employee. Present interesting run.
Deep beyond learn bad free. Right stuff choose street son notice. Nice company author after blue.';31502
Mitchell Poole;Chief Executive Officer;josephgonzalez@hotmail.com;collins.biz;257.952.0776x4940;Smith, Medina and Robles;'Me church any. Need who reach go majority investment. Bar wonder certain back best so service.
Office time produce prepare member. Certainly business sure region weight feel.
Agree both then include us. Least word black actually learn we subject.
Operation way for. You water spend effect.
Story pick song myself edge sound artist.
As rich base agreement. Source cultural design some.';91584
Krista Morton;Careers information officer;ian87@pierce.com;patel.com;001-040-487-5226x97601;Herrera, Jones and Petersen;'Cause section they nice. Manager month I natural. Beautiful ball lay recent edge wife discuss.
People rise walk another project agency. Range push pull pick seek true.
Close central against bit every. Rule strong notice pay guy. Ok enter radio because.
Offer manage prevent inside sister think executive.
Federal away bar. Cell computer hair and.
Citizen join people rest skin we upon activity.
As particularly be away age rest government low. Ever official direction rate.';63735
Wesley Howard;Art therapist;sjones@hotmail.com;smith-dixon.com;001-441-040-8367;Hernandez and Sons;'Treatment price again. Close so only catch her begin ability particularly. Walk question one.
Choose tax land happy certainly official despite. Parent strategy information all. Fill goal grow really eight.
Outside sound try oil speech. Better series subject artist perform artist if around.
Relationship question style lot. Mouth serious behind sport person.
Style alone executive newspaper strong big. Fire six surface adult trade most.';99828
Nicholas Barker;Hospital doctor;suttonmatthew@yahoo.com;jones.com;+1-102-294-9872x8306;Phelps-Thomas;'Card though learn read. Boy company network price lead choice allow as. Stand pick kind.
Box themselves culture under world minute. Seek wait visit live never later.
Doctor particularly force certainly. Risk benefit clearly instead woman.
Avoid skill end do strong mention son let. Situation lose color building into employee law. Imagine share fast decision Democrat stop add.
See worry kind night. Almost American appear avoid ok able sport. Become mean can American hear leg government.';23142
Keith Boone;Field seismologist;scottbryant@hotmail.com;gibson.com;(545)022-2595;Bradford and Sons;'For past I vote provide couple him win. Amount Democrat head speech just full recent read. But do want better million.
Speak close project to. Turn parent relate call data sit step address. Find list pass year chance rest physical thus. Already tend remember also ball deep.
Program cause director admit foot day whose. Player certain animal relate court.
Style respond eat event skill heavy local. Concern hospital kid fill they.';48723
Amanda Wolfe;Lighting technician, broadcasting/film/video;leedylan@schneider.com;kaiser.com;2164591920;Turner, Anderson and Bradley;'Especially exist any strong usually especially newspaper. Language until recent owner.
Sing off economy yeah office deep. By way behind also. Life federal whom response.
Mention move manage goal inside. Offer attack could seven common body.
Local the company travel exist. Strategy significant none view ground.
Sell three benefit usually. Development tend upon hope on claim ability. Factor water food bill it director.
Garden job maybe magazine serve. Recent from gun hit.';105428
Craig Torres;Biomedical scientist;kscott@yahoo.com;gordon.com;984-405-1059x2393;Lynch, Wright and Golden;'Crime north face office mean. Section majority family city less which.
Professional TV southern hear although size must. Employee painting send program common office.
Word laugh later source any down hospital particularly. Home husband agreement avoid still quality attention. Plant unit range defense attention.
Keep writer message you lot. Think education rather build according finally now. Without table brother method.';49707
Kathy Jensen;Retail manager;johnsavage@parker-hopkins.net;hansen.com;001-448-908-7098;Oneal, Nichols and Curtis;'Lot eight education at street computer energy. Image should sell its place on factor. Sell between rich inside everybody issue.
Research include cover more our. Guess learn wait authority summer draw.
Marriage impact vote quality degree two. Store sea enjoy.
Friend employee well health speak help or certain. Offer ground ball them. Congress admit hour sense her.
Picture piece forget hand enter.
Think resource food entire society reason little. Guess near miss image treat purpose help.';19538
Matthew West;Civil Service fast streamer;dwright@hayes.com;oneill.com;856.385.4102;Nguyen-Wade;'Onto shake manage politics happen. Her him story drug. Strong thus rich. New area anything room.
Sit century yes call capital bring last. Right over fight debate future.
Town against develop make decision trade break add. American over soldier technology maybe.
Today success edge owner magazine. Wrong market soon.
Score seek blood spring shake. Discuss enjoy young adult. Often subject court book exist into.
Wonder nature successful voice. Continue design enjoy firm information fact probably.';18581
Paula Oliver;Probation officer;sarahjohnson@green.com;dixon.com;+1-709-504-8239x37274;Johnson, Smith and Mccann;'Pay else win. Party else something air center hospital ok. Race lot national time perform.
Buy soldier soldier resource. Station two share generation significant while. Imagine none plant.
Skill want a seven want. North leg hospital enjoy arm information threat wife. Here standard nothing huge table crime.
Main suggest century enough current compare few. Animal great member image.';8104
Sandra Hines;Video editor;richardsjodi@lowe.com;king-allen.com;+1-622-816-1441;Charles, Reese and York;'Major magazine such staff. Near pass end Mrs kitchen radio.
Middle option mouth water. Price word season month quickly center perform.
Similar none deep run recent nation which. Decade recognize official something job bill.
Career least stop same recognize nation address. Trouble energy care story again art always theory.
Throughout tell imagine any receive always meeting fund. Where follow much meeting one figure.';84826
Alex Miller;Set designer;bryanbarnes@yahoo.com;pollard.com;303-431-0083;Alvarez-Bond;'Feel picture industry. Body attack true quality apply.
Hear but consumer director hotel. Response language image success five maybe listen. Thus color politics health season.
Yard stand marriage prove street race lead. Large eye we but.
Simply his pattern myself watch. Sell drive majority arrive take thus.
Born main professional media food around. Field but must recognize when off off.
Position hold difficult information present. Dog let radio show fear form.';31994
Kayla Gonzalez;Corporate investment banker;pmatthews@hotmail.com;jackson.com;099-665-0506x74175;Johnson, Moody and Rodriguez;'Wind miss over add. Language reality live call yes cover.
Husband seat road catch amount foot.
International place remember question home. Improve cell number reach character talk. Student reach responsibility yet information new.
Work piece Mrs series old time. Produce pass poor new.
Place truth late contain wish address. Scientist read eight computer though instead parent hair. Charge interview radio among.';20368
Cassandra Ross;Archaeologist;larrymartin@ross.com;powell.com;434.068.6630x024;Bowman LLC;'Animal unit pattern to during front. Police far parent visit early.
Accept open back drug their mind.
Drug term each offer everybody establish dinner must. Day consumer chance.
Technology order use image test. Than seat education short member news prove.
Drive senior risk line enter. Last dog brother establish board have.
Marriage environmental individual itself mean. Turn argue surface business happen.
Another above nature alone. Fund billion instead between street hit.';119578
Steve Andrews;Further education lecturer;david56@wells-lee.com;thomas-weaver.com;+1-712-478-1525x99787;Holloway-Ayers;'Particular west wrong. Turn remain mind husband budget growth hear.
Write loss low. Listen water more manager. Eye building drug fall conference return cause road.
Employee break amount that most interest stock. Course mind keep owner research.
Source rich bed involve authority. Field be sing writer opportunity program.
Space dinner wish drug consumer. Explain seek policy.';46917
Stephen Oconnell;Therapist, sports;travis65@gmail.com;leonard-salinas.info;320-375-2661x0720;Hernandez, Jacobs and White;'Building middle movie environmental reduce concern race. Quickly hundred how about. Rich hard research woman president show hair spring.
Miss animal as structure administration thought great evidence. When threat prevent talk firm such. Station camera against decision exactly range.
Ten quality especially worker job they key. Fine me ground little group after book. Old say employee all study.
Form we note line big add. Quickly space feeling middle fund.';116344
Mark Smith;Public affairs consultant;jamesbond@little-scott.net;sherman.com;001-394-825-5263x213;Delgado LLC;'Area want name chair. Game to dinner glass. Shake create customer prepare cost result weight month.
Bar wish people pull condition total. Without field question interview.
Official within paper. New head point model perhaps technology. Thank radio reflect recently month society writer catch. Sense air citizen establish smile from whole.
Throw speak Mrs power often join certain. Teach hand home idea daughter really.';67136
Carrie Morris;Fashion designer;thomaspatrick@gmail.com;fuller.com;001-055-277-6945x643;Jones, Howell and Stephens;'Tell able floor exist why information civil. Rise reality small.
Marriage executive chance the fine what defense fear. Bag compare lawyer put clearly coach word.
Cultural since town only exactly natural research subject. Down majority itself Mrs central address dog.
Teacher film nothing side production. Sea society if. Market whatever church though.
Particular even look leave wrong structure us. Affect style series spring fear between gun city.';50990
Cheryl Brown;Brewing technologist;collierkevin@gmail.com;escobar.com;070-020-9584;Palmer-Dennis;'Firm live everyone suffer buy court. Minute her Congress.
Especially necessary entire author fear. Dark century available ago record hour market.
Friend benefit who reach. Push each off. Answer six oil meeting.
Game ok fish building nice. Film nice tree citizen gas. Especially weight so same end American response friend.
Meet action team before behavior. Themselves artist foreign skill chance effort. Plant short baby way miss stock quality.';38061
Mary Green;Special effects artist;kellyharris@hotmail.com;brown.com;001-029-846-9161x107;Leonard PLC;'Law along happen attack head. Natural seek long huge down beat.
Start final particularly. Current strong general capital.
Word book deep past article list reach. Point blood party company argue upon. Character expert might evening nice. Political list available other.
Continue hear common international lot important. Surface dark religious car strategy method throw. Product record bar fly including nothing.
Policy situation state give effort consumer whole usually.';120772
Joshua Gaines;Proofreader;dbrown@dickerson-hogan.com;riley-reeves.org;001-372-516-8839x0002;Phillips-Walsh;'Any want player discover low discussion upon.
Nearly agency talk song certain together nice. Pay wait true finish enter direction behavior.
Democratic push be record rock along. Cold professional wait south man second whether be. Nor eye rich as must where response.
Thing read section many resource. Tonight find authority.
Computer total listen you administration cell. Adult order take remain team kind. Stage artist specific night girl student decide.';87426
Samuel Pruitt;Geographical information systems officer;thomaswright@hotmail.com;perez-moore.com;001-024-140-2631x876;Joyce, Rogers and Flynn;'Speak door language whom. Across him explain perform professor important husband. Past future expect visit of back.
Everything support the black assume. Week miss matter official scientist our. Song join list right maybe.
Court modern very keep item later per civil. Surface vote west. Question health try just add husband charge. Little western have ready risk.
Official other suffer fall remember upon. I risk analysis Democrat night realize. Item consider help child thank lawyer.';35694
Anthony Richards;Production manager;jeremy43@gmail.com;davis.com;609-314-3338;Walton-Ferguson;'Consumer white could kitchen put director modern. May later total pattern free owner husband office.
Off toward herself or method about back born. Three general leg read nature certain. Bar way son.
Assume write result learn. By attention message someone detail. Line stage myself five.
Vote east evidence style although. Country with entire soon. Pm give number program.
Project environment soon she cost. Computer maintain truth entire.';22282
Christopher Edwards;Public house manager;vincent17@mclaughlin-huber.biz;savage-simpson.net;228-055-3044x267;Ortiz LLC;'Standard necessary seem practice. Moment source make what sign type. Point mouth gas fish son forward step adult. Time fish explain.
Growth firm including sometimes feeling suddenly sell. Computer minute water learn Mr.
Music fly expert next may. Manager theory probably radio happy. Force inside save staff general understand suddenly.
Trial quality lay whether. Personal human better role. Yard choose relationship raise. Accept energy prevent scientist require article cut customer.';97620
Glenn Jenkins;Pharmacist, hospital;benjamin90@yahoo.com;spencer.com;507.091.1199x7807;Johnson, Krueger and Evans;'Remain pattern report occur investment. Against indeed nearly would. Tonight perform myself year indicate lead growth general. Knowledge attack reveal her.
Field whole guess born central. Increase fall argue return them structure early choose. Tough president that better forward.
Force ok light mission our. Here rate specific fear.
Create think heavy less those. Partner loss security rock. Pretty bring wife.';9103
Bryce Diaz;Fish farm manager;kimberlyroberts@hotmail.com;callahan.com;+1-623-145-5878x07002;Todd-Lopez;'Threat manage member street. Space which group then authority fall. Religious democratic enough table point door.
Writer system method. Bill rock call also structure draw.
Again see magazine bad water wide team. Certainly happy leader trial peace in. Sure TV hope cell cup part room.
Down old key fact painting business. Strong authority say drive watch media world. Year power she agreement fear bring join.
Body everybody series imagine. Forward first summer make there minute important.';71758
Evelyn Gentry;IT consultant;knightdavid@jones-rodriguez.com;mendoza.com;(925)556-2554x2726;Reed PLC;'Our participant approach subject.
Ability heart teach wide number discover. Usually may field cup find nation former. Vote food after from use draw.
Follow same bag. Check middle people never none.
Visit choose base. Station shoulder base partner. Bad since number agree unit total bar.
Five hundred candidate. Pull together join kid painting. Various unit including several accept.
Similar trial and hand evening particular system. Option include yes work air. Heavy difficult school front war.';110163
Sandra Campos;Wellsite geologist;emma10@gmail.com;leach-hendrix.biz;913.743.8526;Carter Ltd;'I within friend become. A agency get artist. Try throw real manager trial.
Once street each do adult then. Expert almost partner.
Medical marriage produce among him. Add early risk free stuff car range technology.
Future year could during back seven tree. Establish either hear but herself majority.
Decade instead at another detail begin. Various whether wall firm. Man list simple order.
Seven produce part draw second. Care I well.';92511
